Timestamp,Email Address,Full Name ,Year,Department ,Mobile Number,What type of Art/Talent would you like to showcase?,Title of your Artwork / Performance,"Tell us a little about your artwork or talent
( you may share the inspiraion , idea , or story behind your creation )","Upload your Artwork / Performance 
( Upload a photo , video , PDF , or any other relevant file.)",Would you like your artwork / performance to be featured on the Marathi Club's social media platforms ?,Do you give permission to mention your name and department along with your submission ?,Any message or special note you would like to share with us ? 
9/14/2026 13:49:39,wetevedant37@gmail.com ,Vedant Wete,SE,MECH,7506271918,Home Decor 🏠,Ganpati writes Mahabharat ,"The painting on the right is made by me, it depicts Ganpati writing the Mahabharata with his tusk. And the idol on the left is my Ganpati. Thus it is a home decor.",https://drive.google.com/open?id=1E-LI4YlgSJev94dkK2j94FuGOZZn5D_k,Yes,Yes,"It's amazing that the marathi club is taking this initiative, keep a seperate section for photography as well "
9/14/2026 23:33:55,,Yash Sanjay,TE,COMPS,9833038115,Poetry/ Creative writing ✍️,माझा बाप्पा,"My creation is a Marathi poem dedicated to Ganpati Bappa. I was inspired by the simple yet powerful bond we share with Bappa—not just during the festival, but throughout our everyday lives. Through this poem, I wanted to express gratitude, hope, and the feeling of finding strength and peace in Bappa’s presence. 🙏❤️
",https://drive.google.com/open?id=1haF6maYku95QrfPotEq7IPCopDAGe3si,Yes,Yes,
9/14/2026 23:50:33,,Kshyanika R Behera,SE,EXTC,9324953568,Home Decor 🏠,Divine Confluence: Ganpati Meets Jagannath  ,"This decoration represents a beautiful blend of devotion and culture, bringing together Lord Ganesha and Lord Jagannath in one sacred setting. Inspired by Odisha’s rich spiritual heritage and temple architecture, the setup was created using traditional decorative elements, flowers and lights. Through this creation, I wanted to show how different traditions can come together beautifully while celebrating faith, creativity and positivity.",https://drive.google.com/open?id=1dRItyGizp95XNXlU28vJRM9KqR2yfwRm,Yes,Yes,Happy Ganesh Chaturthi 
9/15/2026 15:52:38,,Ninad kale ,BE,IT,8850728106,Home Decor 🏠,Balaji theme,"The temple-style pillars, Vaishnav tilak, gold-white detailing, flower garlands, traditional  elements creates a Tirupati Balaji temple atmosphere while keeping Ganpati as the main focus.","https://drive.google.com/open?id=1sl5L5coGscBVgEaSldguT3cqO8f8Cjkm, https://drive.google.com/open?id=1OrlUcEmiT7M55jMc-suud82HeSbKsuKg, https://drive.google.com/open?id=14IlMDzorXIlVbk27VapZy3Sa2TRM9HLO, https://drive.google.com/open?id=1ALNMl7uFsM7QYFoEPje0Vb9LIUVUzk3U",Yes,No,
9/15/2026 16:34:49,,Shreya Deepak Wagh ,SE,EXTC,9167888675,"Reel / Video Creation 🎥, Home Decor 🏠",Bappa’s Floral Paradise,"My artwork is a handmade Ganpati decoration created with love and devotion.The idea was to make Bappa’s space feel simple, traditional, and aesthetically beautiful.","https://drive.google.com/open?id=1w0e5uV-Cbdedx_rJ1Jx6hJoowFPxB_UP, https://drive.google.com/open?id=1XD77iCBbHmYz2iWlO2wxYusZNjHYDVmn",Yes,Yes,Nice idea .
9/18/2026 19:18:50,,Ishant Bollu,SE,IT,9307970295,Home Decor 🏠,Jungle Theme Ganpati Decoration,"Our artwork is inspired by the beauty of nature and the divine presence of Lord Ganesha. We created a peaceful forest-themed setting with a flowing waterfall, greenery, rocks, and a sky-inspired ceiling to bring a natural and refreshing atmosphere. The central placement of Lord Ganesha represents peace, positivity, and blessings. We combined creativity, handmade elements, lighting, and detailed decoration to create a unique and immersive experience that connects devotion with the beauty of nature.",https://drive.google.com/open?id=1XxgXKoluHoVR3rjiR-5ZJlXNAwFe9vPT,Yes,Yes,No
9/20/2026 11:50:50,sdbit1027@gmail.com,Shraddha Desai,BE,COMPS,9870517619,Poetry/ Creative writing ✍️,Creative writing ,Inspiration -Konkan Journey ,https://drive.google.com/open?id=1XpfjnSws6uKG-GBBVVCSJ6Fzuxb82yfe,Yes,Yes,Relatable to every Mumbaikar  who have hometown in Konkan..
9/20/2026 11:52:37,shraddhadesai332@gmail.com,Shraddha Desai,BE,COMPS,9870517619,Home Decor 🏠,"HomeDecor-Kanthi, Hibiscus garland","Kanthi - Har prepared specially for bappa  using Cotton. This tradition is specially observed in Konkan.(Img1)
Hibiscus Har-Made with pipe cleaners selecting bappa's favorite colour  for handmade har.(Img2)","https://drive.google.com/open?id=1I-_3TXcMdtorwFDXUOmm3Ste8QJ1QPd6, https://drive.google.com/open?id=1FtS36FaI9bgR4CDhKwX-IsyRFspOxIVQ",Yes,Yes,Ganpati Celebration in Konkan. 🎉
9/20/2026 12:14:51,ishasmnt06@gmail.com,Isha Sairaj Samant,BE,COMPS,9920796555,Poetry/ Creative writing ✍️,गणेशोत्सव - अनमोल आठवणींचा सोहळा,"आमच्या मामाच्या घरी दरवर्षी दीड दिवसांचा गणपती मोठ्या उत्साहात आणि भक्तिभावाने येतो. बाप्पाच्या आगमनाच्या काही दिवस आधीपासूनच घरात तयारीला सुरुवात होते. सुंदर सजावट, आरास आणि बाप्पाच्या स्वागताची लगबग यामुळे संपूर्ण घर आनंदाने आणि उत्साहाने भरून जाते.
जरी आमच्याकडे बाप्पा फक्त दीड दिवसांसाठी येत असला, तरी या दिवसांची तयारी आणि त्यामागचा उत्साह मात्र खूप मोठा असतो. बाप्पाचे आगमन, त्याचे स्वागत, पूजा, आरती, प्रसाद आणि कुटुंबीयांसोबत घालवलेले आनंदाचे क्षण या प्रत्येक गोष्टीत एक वेगळीच भावना दडलेली असते.
इतर ठिकाणी गणपती दहा दिवस विराजमान असतो; त्या दहा दिवसांत जसा उत्सव, भक्ती आणि आनंद अनुभवायला मिळतो, तसाच आमच्या दीड दिवसांच्या बाप्पामध्येही प्रेम, उत्साह आणि आठवणींचा सुंदर अनुभव सामावलेला असतो.
या संपूर्ण उत्सवातील तयारीपासून बाप्पाच्या आगमनापर्यंतचे आणि विसर्जनापर्यंतचे हे सुंदर क्षण, त्यामागचा उत्साह, प्रेम आणि भक्ती एका कवितेच्या माध्यमातून मांडण्याचा हा माझा छोटासा प्रयत्न आहे.",https://drive.google.com/open?id=1WJVu2pzlB1KCGJFsx285oZeUvM3hCXR6,Yes,Yes,"गणेशोत्सव हा केवळ एक सण नसून, कुटुंबाला एकत्र आणणारा, आनंद आणि भक्तीची अनुभूती देणारा सुंदर सोहळा आहे. आमच्या दीड दिवसांच्या बाप्पासोबतच्या या अनमोल आठवणी कवितेच्या माध्यमातून मांडण्याची संधी मिळाल्याचा मला मनापासून आनंद आहे. बाप्पाच्या आगमनापासून विसर्जनापर्यंतचा हा छोटासा, पण मनात कायमचा घर करून राहणारा प्रवास सर्वांच्या मनाला भावेल, अशी माझी मनापासून इच्छा आहे. "
9/20/2026 15:44:13,06chavanharshita@gmail.com,Harshita Prafull Chavan,SE,IT,9372790035,"Reel / Video Creation 🎥, Home Decor 🏠",Shivatmaj : Son of the Cave Ascetic. ,"The Ganpati decoration themed a cave of lord shiva where in Ganpati Bappa is in the form of lord shiva. This theme was inspired to me by our kuldaivat (family deity) that is “श्री देव वसिक” (lord shiva himself). The shivling in our village of our family deity isn’t carved out of stone by the workers, it was found at the place beneath the ground where the temple is now situated. That’s why it is also called as “Swayambhu”. 
As told by my grandfather a cow everyday used to shower her milk on that place, on the ground where the shivling stone was found after digging and to found out the reason why the cow is giving milk on that place everyday it was dug and the shivling was found. This interesting and miraculous story of our deity inspired me to make Bappa’s decoration devoted to lord shiva in his cave/ kailasa cave. ","https://drive.google.com/open?id=16UIrQ_mdnrMXhL8BgaepzpLdwWE-T-Ke, https://drive.google.com/open?id=1x6b-zb2AAWCy5HtQAEaYbOIJ8F9nZgHz, https://drive.google.com/open?id=1oKyi8HjRNVSA_Ivj1P-j1baYFJr0eRJT, https://drive.google.com/open?id=129z0ZD2gWBwSDDxhokCQeiROE1GZtCke",Yes,Yes,"Bappa’s tiger print dhotar (dhoti) and uparna (shawl) wasn’t draped and given to us by the murtikaar, it is specially draped by me on the day before Ganesh Chaturthi❤️ to give Bappa that shiva look. "
9/23/2026 16:57:08,sanapom09@gmail.com,Om sanap,BE,MECH,9594006393,Home Decor 🏠,Home decor,I have tried to recreate the temple of God Hanuman which is on a fort in my home decor.,"https://drive.google.com/open?id=11O2iW_XSIt-DFmqKm7Jve9D-INY91UrH, https://drive.google.com/open?id=1fdnqh-cp1kg5HKd5R2Esi4Gtu-vPPQUi, https://drive.google.com/open?id=1CgbxonT8RXbTgBMvlHXecFPJKttZOdDM, https://drive.google.com/open?id=1osriHg0pPYXxvOKDoN9gDghmwxsFnn80, https://drive.google.com/open?id=1ShxFDKtT3gmM-U8VWa_3uW1qoQ_aH9d2",Yes,Yes,Ganpati bappa morya 
9/25/2026 6:55:48,saarthgandre4@gmail.com,Saarth Bhushan Gandre,TE,EXTC,9137742858,Home Decor 🏠,क्षणात जाणारे दिवस 🥹🙏🏽,"A glimpse of devotion, tradition, and pure joy at home. Welcoming Bappa isn’t just a ritual for us, it’s an emotion that ties our family together every single year. Hope our celebration brings a smile to your face. Ganpati Bappa Morya! 🌺🕉️",https://drive.google.com/open?id=10A0rT92cFYEBH-Q6mOlJVxXHQRT9g9de,Yes,Yes,
9/25/2026 21:54:47,ishasmnt06@gmail.com,Isha Sairaj Samant ,BE,COMPS,9920796555,Reel / Video Creation 🎥,माझ्या नजरेतून गणपती बाप्पा 🪔,"माझ्या मामाच्या घरी दरवर्षी दीड दिवसांचा गणपती असतो. या दीड दिवसांत आम्ही मनापासून बाप्पाची पूजा आणि उत्सव साजरा करतो. त्यानंतर मुंबईतील वेगवेगळ्या ठिकाणी जाऊन विविध गणपती मंडळांमधील बाप्पांचे दर्शन घेतो. प्रत्येक ठिकाणच्या बाप्पाची सजावट, मूर्ती आणि वातावरण वेगळे असते. या वर्षीच्या या सुंदर गणपती दर्शनाच्या आठवणी मी माझ्या या कलाकृतीतून जपण्याचा प्रयत्न केला आहे. बाप्पाबद्दलची श्रद्धा, उत्साह आणि या प्रवासातील सुंदर क्षण हेच या निर्मितीमागची प्रेरणा आहे. 🙏🏻❤️🌺",https://drive.google.com/open?id=1dYDzELoz0iWYvIyhxPtcnKihgc86q6XE,Yes,Yes,"गणपती बाप्पाच्या या उत्सवातून मला नेहमीच सकारात्मकता, आनंद आणि एकत्र येण्याची भावना मिळते. या वर्षी मुंबईतील विविध गणपती मंडळांना भेट देताना अनेक सुंदर क्षण अनुभवायला मिळाले. हे क्षण माझ्या कलाकृतीतून जपता आले, याचा मला आनंद आहे. बाप्पाची कृपा आणि आशीर्वाद सदैव सर्वांवर राहो. गणपती बाप्पा मोरया! 🙏🏻❤️"
9/25/2026 22:00:14,ishasmnt06@gmail.com,Isha Sairaj Samant ,BE,COMPS,9920796555,Home Decor 🏠,मी पाहिलेले गणपती बाप्पा,"हा आहे आमचा लाडका बाप्पा! ❤️🙏🏻
आमच्या मामाच्या घरी दरवर्षी दीड दिवसांचा गणपती असतो. या दीड दिवसांत सगळे नातेवाईक एकत्र येतात, खूप मजा, गप्पा, हशा आणि आनंद असतो. बाप्पामुळे घर अगदी उत्साहाने भरून जातं. 🥰
पण विसर्जनाची वेळ आली की मन मात्र भरून येतं… बाप्पाला निरोप देताना डोळ्यात पाणी येतं आणि फक्त एकच इच्छा असते बाप्पा, पुढच्या वर्षी लवकर या! ❤️🌺🙏🏻
गणपती बाप्पा मोरया!","https://drive.google.com/open?id=1HfUGMx3zxdAfvaZ-onDuB3qp6Of8nmIj, https://drive.google.com/open?id=1xWhkL83apENvz2XetuUALPJaAfF3o41-",Yes,Yes,"गणपती बाप्पाच्या या उत्सवातून मला नेहमीच सकारात्मकता, आनंद आणि एकत्र येण्याची भावना मिळते. बाप्पाची कृपा आणि आशीर्वाद सदैव सर्वांवर राहो. गणपती बाप्पा मोरया! 🙏🏻❤️"
9/25/2026 22:04:01,hemalbhirud05@gmail.com,Hemal Bhirud,BE,COMPS,8591742191,Reel / Video Creation 🎥,अष्टविनायक दर्शन – माझी गणेशोत्सव सजावट,"यंदाच्या गणेशोत्सवासाठी मी माझ्या घरच्या सजावटीत अष्टविनायकाची संकल्पना साकारली आहे. बाप्पाच्या मखरामागे जांभळ्या रंगाच्या पार्श्वभूमीवर अष्टविनायकाच्या आठही रूपांच्या प्रतिमा लावल्या आहेत – मोरगाव, सिद्धटेक, पाली, महड, थेऊर, लेण्याद्री, ओझर आणि रांजणगाव. या आठ क्षेत्रांचा एकत्रित सन्निध्य बाप्पाच्या चरणी अनुभवावा, हीच यामागची प्रेरणा होती. लाल पडदा, ताज्या फुलांची माळ आणि गुलाबी-केशरी फुलांची तोरणे यांतून पारंपरिक व राजस भाव आणण्याचा प्रयत्न केला आहे. समोर केळी, नारळ, फळे आणि पूजेचे साहित्य मांडून घरगुती, आपुलकीचं वातावरण तयार केलं आहे.",https://drive.google.com/open?id=1bEAtbnNnLi8fiZDB994l0oq5MW7peWii,Yes,Yes,"अष्टविनायकाची सर्व रूपे बाप्पाच्या चरणी एकत्र आणून, संपूर्ण महाराष्ट्रातील भक्तिभाव एका मखरात सामावण्याचा हा छोटासा प्रयत्न आहे. गणपती बाप्पा मोरया! 🙏"
9/25/2026 22:11:46,hemalbhirud05@gmail.com,Hemal Bhirud,BE,COMPS,8591742191,Home Decor 🏠,हस्तनिर्मित माळा – मोती-कमळ-ऑर्किड आणि पाईप क्लीनर क्राफ्ट माळ,"गणेशोत्सवासाठी मी दोन वेगवेगळ्या हस्तनिर्मित माळा तयार केल्या आहेत. पहिली माळ ताज्या फुलांपासून बनवली असून यात गुलाबी कमळाच्या कळ्या, निळे-जांभळे ऑर्किड आणि पांढरी शेवंतीसारखी फुले मोत्यांच्या माळेसोबत गुंफली आहेत. कमळ हे बाप्पाच्या पूजेतील पवित्र फूल असून मोती शुभतेचे प्रतीक आहे.

दुसरी माळ पूर्णपणे पाईप क्लीनर्स (chenille wires) वापरून क्राफ्ट पद्धतीने बनवली आहे. यातून पुनर्वापरायोग्य (reusable) आणि टिकाऊ सजावटीचा पर्याय देण्याचा प्रयत्न केला असून, कमी वेळात घरच्या घरी सोप्या साहित्यातून आकर्षक माळ कशी बनवता येते हे दाखवायचे होते. ताज्या फुलांची नजाकत आणि क्राफ्टचा टिकाऊपणा असे दोन्ही पैलू या दोन माळांमधून मांडले आहेत.","https://drive.google.com/open?id=1N-MXOk6faiU97bGh6HeHiATg6TVnDDqn, https://drive.google.com/open?id=1hUAB9xXOYBKoMo5oHgGl_G4NB-ktZWOZ, https://drive.google.com/open?id=18OVyGmTfYd3kAnDMjulHcnosYlhyB5GW",Yes,Yes,"दोन्ही माळा बाप्पाच्या सजावटीत प्रत्यक्ष वापरल्या आहेत – एक पारंपरिक ताज्या फुलांची, तर दुसरी सर्जनशील क्राफ्टची. परंपरा आणि नवता यांचा मेळ साधण्याचा हा छोटासा प्रयत्न! गणपती बाप्पा मोरया! 🌸🙏"
9/25/2026 23:43:56,shreyaw2007@gmail.com,Shreya Deepak Wagh ,SE,EXTC,9167888675,"Reel / Video Creation 🎥, Home Decor 🏠",Golden theme .,My artwork is a Golden-Themed Ganpati decorated with flowers. I was inspired by the beauty and divine feeling of Ganpati celebrations.,"https://drive.google.com/open?id=1nYxhKte1zS_9usYCT5ZrcEsmtOFfWm-b, https://drive.google.com/open?id=14rW8SxXPztZQuGAAnEaJ__KvRnGX-87R, https://drive.google.com/open?id=11gYtZmkjWxIo9Iy1NASri8f7Ln99H6a2",Yes,Yes,Nice concept.
9/25/2026 23:56:04,323chetan0039@dbit.in,Chetan Chaudhari,BE,IT,9321093442,Home Decor 🏠,Ganpati Decoration,"Inspired by Ganesha and Shakti
We wanted to create a space that feels peaceful, traditional, and full of devotion",https://drive.google.com/open?id=1y9S6aWBcNRKdqeWOuO9LcgEb9_6gkuxY,Yes,Yes,
9/26/2026 0:22:03,shrungarpurepranav@gmail.com,Pranav Shrungarpure,SE,MECH,8097393121,Poetry/ Creative writing ✍️,एके दिवशी मी त्याला सर्व काही सांगेन ,It's me saying that I will tell ganapati bappa something when he is heading back to his home ,https://drive.google.com/open?id=1lAkSgRc-oWunVsIYAoq9Yxkud_kuS607,Yes,Yes,
9/26/2026 1:02:08,dishachaurasia7@gmail.com,Disha Chaurasia ,SE,IT,9619744501,Home Decor 🏠,Ganpati Decoration ,"Soo This is very special because in our home Ganpati Bappa has arrived First Time . New experience love , joy and attachment to our Gannuu Bappa. Ganpati Bappa Pagdi work is also done by me i have decorated with flowers❤️. ","https://drive.google.com/open?id=1XGGIk-EYxsoXkbgtQT5CDAid4uM8r9NZ, https://drive.google.com/open?id=10elQrurQh-2hmYwsBIRJQHOzwLgRpJTc",Yes,Yes,Soo Decoration that i have done is very simple and pur main focus was Ganpati Bappa soo to be honest it took me 2 Days to Find my Bappa in Lalbaug soo after soo much Efforts i found the one❤️. 
9/26/2026 14:31:19,tanishkadhone7@gmail.com,Tanishka Dhone,SE,MECH,8369355152,Home Decor 🏠,निसर्गाच्या कुशीत विघ्नहर्ता,"The inspiration behind our decoration stems from a deep reverence for nature, sustainable living, and the beauty of human connection. At a time when rapid urbanization, bridge construction, deforestation, and climate change are drifting us away from nature, this setup is a gentle reminder of the harmony we need to restore with our environment.
​To keep the design natural and grounded, we created a traditional rural hut (कुटी) thatched with dried farm grass (सुका पेंढा). The surrounding fan-like leaves are authentic, naturally fallen leaves gathered directly from our local ice apple (ताडगोळा) trees, hand-painted and sculpted alongside floral arrangements. Beyond the green message, Ganeshotsav reminds us that people need people to trust, comfort, and uplift one another. Every element reflects that warmth: honoring nature’s gifts while bringing hearts together in pure joy and celebration.",https://drive.google.com/open?id=1wCE6NDBEkLFZ_n2ljyc3oM2cCd--E5_i,Yes,Yes,"झाडे लावा, झाडे जगवा आणि निसर्गाचे रक्षण करा.' Ganeshotsav is a celebration of community, love, and our roots may Bappa bless us with wisdom to protect our environment and cherish the people around us. गणपती बाप्पा मोरया!"
9/26/2026 15:00:12,pawarpaarth07@gmail.com,Paarth Powar,TE,EXTC,8828913077,"Reel / Video Creation 🎥, Home Decor 🏠",POWAR ANCHA BAPPA ✨,"पाषाण रूप गणपती...
पाषाण रूप गणपती म्हणजे दगडापासून कोरलेली गणेशाची मूर्ती (Stone Idol of Lord Ganesha). मराठीत 'पाषाण' या शब्दाचा अर्थ 'दगड' किंवा 'खडक' असा होतो, आणि 'रूप' म्हणजे 'स्वरूप' किंवा 'मूर्ती'.हिंदू धर्मात आणि विशेषतः महाराष्ट्रात पाषाण रूपातील गणपतीला अत्यंत पवित्र आणि सर्वोच्च स्थान दिले जाते.पाषाण रूप गणपतीचे महत्त्व आणि वैशिष्ट्ये:स्वयंभू मूर्ती: महाराष्ट्रातील प्रसिद्ध अष्टविनायक (उदा. मोरगावचा मयुरेश्वर, सिद्धटेकचा सिद्धिविनायक इत्यादी) आणि इतर प्राचीन मंदिरांमधील गणपतीच्या मूर्ती या प्रामुख्याने पाषाण रूपातील आणि 'स्वयंभू' (निसर्गतः तयार झालेल्या) आहेत.स्थैर्य आणि शक्तीचे प्रतीक: दगड किंवा पाषाण हा जसा अचल आणि कणखर असतो, तसेच पाषाण रूप गणपती हे जीवनातील संकटांना तोंड देण्याचे स्थैर्य, शक्ती आणि चिरंतन ऊर्जेचे प्रतीक मानले जाते.दीर्घायुष्य (शाश्वतता): माती किंवा इतर साहित्यापासून बनवलेल्या मूर्तींचे विसर्जन केले जाते, परंतु पाषाण मूर्ती मंदिरात किंवा घराच्या देव्हाऱ्यात पिढ्यानपिढ्या पूजली जाते. तिचे विसर्जन होत नाही.अभिषेक आणि पूजा विधी: पाषाण मूर्तीवर पाण्याचे, दुधाचे किंवा पंचामृताचे अभिषेक करणे सोपे आणि शास्त्रोक्त मानले जाते, कारण दगडाची मूर्ती पाण्याने खराब होत नाही.थोडक्यात सांगायचे तर, जेव्हा आपण पाषाण रूप गणपती म्हणतो, तेव्हा त्याचा अर्थ निसर्गाच्या किंवा खडकाच्या रूपात प्रकट झालेला अथवा काळ्या/संगमवरी दगडापासून अत्यंत सुंदररीत्या कोरलेला बाप्पा असा होतो.","https://drive.google.com/open?id=18y7C62xbc83uLaBcDuG0zvvWPZXp9Dn2, https://drive.google.com/open?id=1SPWwUtfaUcjrXPRr_h7jCXixgW7E-GQo, https://drive.google.com/open?id=1YlEanLXepBXMS3oXqdn5748SMdkwp1ql, https://drive.google.com/open?id=1pn9mZdPjHQQgYljWFdTGPGBi6I31twpY, https://drive.google.com/open?id=11HNc6zq4fa0CoSaRHr7OrUEK0ukUygJK, https://drive.google.com/open?id=1aMgguzIm9NFOBsM9Gbqc5WIHKHt-8jgH",Yes,Yes,
9/26/2026 15:31:33,snehakamble0019@gmail.com,Sneha Kamble,FE,EXTC,9867725571,Poetry/ Creative writing ✍️,Adha Ishq ,So I wrote this poem in 11th std for a guy whom I had a crush on in 10th std. I got to know that he too liked me but i never confessed him cuz I didn't want any relationships then... But later I regret not telling him cuz the feelings grew deeper and he was far gone ... So i tried expressing my feelings through a poem ,https://drive.google.com/open?id=1CedGWRLutabZlP-ebv9IUX3jzLQU6onC,Yes,Yes,Confessions are better than regrets
9/26/2026 17:20:46,vanessadsouza005@gmail.com,Vanessa Dsouza,TE,COMPS,7021404552,Poetry/ Creative writing ✍️,"कसा देऊ तुला निरोप, बाप्पा?","so, basically I had visited my friends house for ganesh visarjan and that time I saw the entire family in tears and wishing bappa would stay for a few more days, that's when it struck me, how nice it would be if I could convert these sentiments into an abstract poem.",https://drive.google.com/open?id=1jR7wqiC8ztt5CVyjlsFxQJ5pIcoyaOOE,Yes,Yes,i love how we can share our talents through this competition
9/26/2026 17:22:01,parththakur1438@gmail.com,Parth Mahesh Thakur,FE,IT,7391901234,Home Decor 🏠,Traditional Village Theme Ganpati Decoration,"The inspiration behind my Ganpati decoration is the beauty of traditional Indian village life and our cultural heritage. I created a detailed rural scene featuring handmade miniature huts, lanterns, and traditional figures engaging in daily life, all centered around Lord Ganesha. Through this decor, I wanted to showcase the warmth, simplicity, and deep-rooted traditions of our festivals, blending artistic storytelling with festive celebration",https://drive.google.com/open?id=1_VZx3mrVzLldo4QRh_83UuPU-VX8WFjN,Yes,Yes,Thank you to the Marathi Club and college team for organizing Vidyarthi Kala Katta 2026 and providing this wonderful platform to celebrate our traditions and showcase our creativity. Ganpati Bappa Morya
9/26/2026 21:00:03,tanishkadhone7@gmail.com,Tanishka Dhone,SE,MECH,8369355152,Reel / Video Creation 🎥,निसर्गाशी नातं: पारंपारिक आरती आणि आरास,"​This reel captures the heart and soul of Ganeshotsav the evening Aarti (आरती). While the visual setup honors our village roots and nature, the true essence of the festival comes alive when we stand before Bappa with the Aarti thali, singing in unison. The rhythm of the bells (घंटा), the glow of the camphor flame (कापूर आरती), and the shared devotion in the room create an aura of pure peace, faith, and family warmth. Through this video, we wanted to capture the reverence, energy, and timeless cultural rhythm of celebrating Bappa together.",https://drive.google.com/open?id=1hzZv0GWzdwFuQLRt3cBTQesxKZhqhw5-,Yes,Yes,"बाप्पाच्या आरतीतील चैतन्य, पावित्र्य आणि भक्ती आपल्या सर्वांच्या आयुष्यात सुख, समृद्धी आणि नवी ऊर्जा घेऊन येवो. गणपती बाप्पा मोरया, मंगलमूर्ती मोरया!"
9/26/2026 21:11:27,ktejashree45@gmail.com,Tejashree Kulkarni,SE,MECH,7718894078,Home Decor 🏠,Ganpati bappa home decorr,It is a home decor that me and my family made using the decoration materials already available at our home and the decoration style is very simple yet classy and gives at home feeling,https://drive.google.com/open?id=1k-08O0G5EzAi8Ne4O5aDGeuloPBnDsJG,Yes,Yes,Greatt work guysss!!
9/26/2026 21:58:22,124yash0025@dbit.in,Yash Santosh Shinde ,TE,EXTC,9321128522,Home Decor 🏠,Old house with warli painting ,"Bringing Bappa home to the cradle of nature and tradition. This year’s decor is a handcrafted tribute to our indigenous roots, featuring rustic brick textures, organic thatch roofing, and hand-drawn Warli painting motifs.",https://drive.google.com/open?id=1bYShm1qndk5eshW_7CfjPoavG1xmzE5l,Yes,Yes,No
9/26/2026 23:30:59,pavanbotla10@gmail.com,Pavan Vinayak Botla ,TE,IT,9867182086,Ganpati Idol Artist,"Eco-Friendly Bappa: Creation, Worship & Visarjan","My artwork showcases our home’s eco-friendly Shadu Mati Ganapati, created with devotion, patience, and love. This year, I designed and painted Lord Ganesha with a realistic elephant-faced appearance, aiming to reflect the divine and majestic form of Bappa. The video captures the entire journey—from shaping the idol by hand and bringing its features to life through painting, to worshipping Bappa during the festival and finally bidding an emotional farewell during Visarjan. The inspiration behind this creation comes from my deep faith in Lord Ganesha and my desire to celebrate Ganesh Chaturthi in an environmentally responsible way. Instead of using a POP idol, I chose Shadu Mati, combining tradition, creativity, and care for nature. For me, this is not just an artwork but a heartfelt expression of devotion, gratitude, and love for Bappa. Through this creation, I hope to inspire others to embrace eco-friendly celebrations while preserving the spiritual essence of our culture.","https://drive.google.com/open?id=1JBws_6d0UikBQD1MqI48QyanOWIRZz6f, https://drive.google.com/open?id=1YQSKXWT8h0GQ2GsEZJeULRArtJsQAzQG, https://drive.google.com/open?id=1sj58IGl2CkccB1PyM9zk9a7ve9e4y9yB, https://drive.google.com/open?id=1c6hS_tLYlF_4A4CSWeTtUxudOvwmw-gk, https://drive.google.com/open?id=1VY1GEnXvg3Dah5DufQC3uobtUsly8zfX, https://drive.google.com/open?id=1c2Cz7eDcsKJPJhUBKj0hf-e4wlhDqB7Z",Yes,Yes,
9/27/2026 2:29:21,tanishkadhone7@gmail.com,Tanishka Dhone,SE,MECH,8369356152,Reel / Video Creation 🎥,आठवणींचा उत्सव.   बाप्पाच्या चरणी कौटुंबिक जल्लोष आणि पारंपारिक फेर," गणेशोत्सवाची खरी ताकद आणि सौंदर्य हे कुटुंबाच्या एकत्र येण्यात आणि आपुलकीत आहे. आजच्या धावपळीच्या युगात 'उद्या कोण कुठे असेल माहीत नाही, पण हे एकत्र घालवलेले क्षण आयुष्यभरासाठी मनात कायम घर करून राहतात' या व्हिडिओमध्ये आम्ही संपूर्ण कुटुंब एकत्र येऊन बाप्पाच्या समोर फेर धरून, फुगड्या घालून पारंपारिक नृत्याचा मनसोक्त आनंद लुटताना दिसत आहोत. माणसाला जगण्यासाठी माणसांचीच सोबत लागते; एकमेकांवरचा विश्वास, प्रेम आणि सुख-दुःखात एकत्र येणे हीच आपली खरी संस्कृती आहे. हीच कौटुंबिक वीण, उत्साह आणि निखळ आनंद या नृत्यातून आम्ही व्यक्त केला आहे.",https://drive.google.com/open?id=1yusGoabB9QQTX34jyFBad6megCQtZf3O,Yes,Yes,"​नातेसंबंध, प्रेम आणि एकत्र येण्याचा हा गोड ठेवा बाप्पा असाच कायम टिकवून ठेवो. सर्वांना गणेशोत्सवाच्या खूप खूप शुभेच्छा! गणपती बाप्पा मोरया!"
9/27/2026 13:22:10,wetevedant37@gmail.com,Vedant Wete,SE,MECH,7506271918,Painting,Ganpati writes Mahabharat ,"It's a painting which I did which depicts Ganpati writing the Mahabharata with his broken tusk, while Ved Vyas continues to dictate him the epic",https://drive.google.com/open?id=1_1og-Tb-7GnPS6TGJVFJFhRtHP8Trm4X,Yes,Yes,You can tag my account on insta @v3davinci where I've uploaded this artwork already
9/27/2026 18:58:52,saarthgandre4@gmail.com,Saarth Bhushan Gandre,TE,EXTC,9137742858,Reel / Video Creation 🎥, Durgarajya - Shreerang Sahanivas Ganeshotsav Mandal - Thane (W),This reel showcases the decoration of the pandal and the excitement of everyone during aarti and bhajan. This decoration includes various forts of Chattrapati Shivaji Maharaj 🙏🏽,https://drive.google.com/open?id=1PupRL02OYn-Gq9nYfHbjsckZPgnf6UoG,Yes,Yes,
,saumil794@gmail.com,Saumil Tharwal ,SE,MECH,7738260735,Home Decor 🏠,श्री रघुवीर समर्थ ह्यांच्या कृपेने हिंदवी स्वराज्य स्थापित करताना/ हिंदवी स्वराज्यकालावधीत युवा तसेच समस्त रायतेला शरीर संपदा जपण्याचे महत्व ईश्वर प्रार्थना मार्गे म्हणजेच  .......पवन पुत्र हनुमानाचे 11 मंदिर स्थापित केले....सध्याचे विचलित जिवन पाहता ही निव पुन्हा युवा पिढी तसेच समाजात असावी...ह्या प्रेरणेने हा देखावा 🚩,श्री रघुवीर समर्थ ह्यांच्या कृपेने हिंदवी स्वराज्य स्थापित करताना/ हिंदवी स्वराज्यकालावधीत युवा तसेच समस्त रायतेला शरीर संपदा जपण्याचे महत्व ईश्वर प्रार्थना मार्गे म्हणजेच  .......पवन पुत्र हनुमानाचे 11 मंदिर स्थापित केले....सध्याचे विचलित जिवन पाहता ही निव पुन्हा युवा पिढी तसेच समाजात असावी...ह्या प्रेरणेने हा देखावा 🚩,,,,
,saumil794@gmail.com,Saumil Tharwal ,SE,MECH,7738260735,Poetry/ Creative writing ✍️,गणपती बाप्पा च्या भक्तीत तल्लीन होऊन नवीन पिढी तर्फे छोटेसे योगदान,गणपती बाप्पा च्या भक्तीत तल्लीन होऊन नवीन पिढी तर्फे छोटेसे योगदान,,,,